id,name,parentId,path,bucket
0,All categories,,All categories,Other
3,Arts & Entertainment,,Arts & Entertainment,Film and TV
184,Celebrities & Entertainment News,,Celebrities & Entertainment News,Film and TV
316,Comics & Animation,,Comics & Animation,Film and TV
1104,Animated Films,,Animated Films,Film and TV
317,Anime & Manga,,Anime & Manga,Film and TV
319,Cartoons,,Cartoons,Film and TV
318,Comics,,Comics,Film and TV
612,Entertainment Industry,,Entertainment Industry,Film and TV
1116,Film & TV Industry,,Film & TV Industry,Film and TV
1108,Film & TV Awards,,Film & TV Awards,Film and TV
1117,Film & TV Production,,Film & TV Production,Film and TV
1115,Recording Industry,,Recording Industry,Music
1113,Music Awards,,Music Awards,Music
1114,Record Labels,,Record Labels,Music
569,Events & Listings,,Events & Listings,Lifestyle and Hobbies
188,Clubs & Nightlife,,Clubs & Nightlife,Lifestyle and Hobbies
891,Concerts & Music Festivals,,Concerts & Music Festivals,Music
1086,Film Festivals,,Film Festivals,Film and TV
1273,Live Sporting Events,,Live Sporting Events,Sports
1085,Movie Listings & Theater Showtimes,,Movie Listings & Theater Showtimes,Film and TV
614,Ticket Sales,,Ticket Sales,Sports
539,Fun & Trivia,,Fun & Trivia,Lifestyle and Hobbies
1173,Dress-Up & Fashion Games,,Dress-Up & Fashion Games,Gaming
447,Flash-Based Entertainment,,Flash-Based Entertainment,Film and TV
1174,Fun Tests & Silly Surveys,,Fun Tests & Silly Surveys,Lifestyle and Hobbies
182,Humor,,Humor,Film and TV
1095,Comedy Films,,Comedy Films,Film and TV
895,Live Comedy,,Live Comedy,Film and TV
1180,Political Humor,,Political Humor,Film and TV
1244,Spoofs & Satire,,Spoofs & Satire,Film and TV
1047,TV Comedies,,TV Comedies,Film and TV
34,Movies,,Movies,Film and TV
1097,Action & Adventure Films,,Action & Adventure Films,Film and TV
1101,Martial Arts Films,,Martial Arts Films,Film and TV
1100,Superhero Films,,Superhero Films,Film and TV
1099,Western Films,,Western Films,Film and TV
360,Bollywood & South Asian Film,,Bollywood & South Asian Film,Film and TV
1102,Classic Films,,Classic Films,Film and TV
1098,Silent Films,,Silent Films,Film and TV
1103,Cult & Indie Films,,Cult & Indie Films,Film and TV
1072,Documentary Films,,Documentary Films,Film and TV
1094,Drama Films,,Drama Films,Film and TV
210,DVD & Video Shopping,,DVD & Video Shopping,Film and TV
1145,DVD & Video Rentals,,DVD & Video Rentals,Film and TV
1291,Family Films,,Family Films,Film and TV
615,Horror Films,,Horror Films,Film and TV
213,Movie Memorabilia,,Movie Memorabilia,Film and TV
1106,Movie Reference,,Movie Reference,Film and TV
1107,Movie Reviews & Previews,,Movie Reviews & Previews,Film and TV
1105,Musical Films,,Musical Films,Film and TV
1310,Romance Films,,Romance Films,Film and TV
616,Science Fiction & Fantasy Films,,Science Fiction & Fantasy Films,Film and TV
1096,"Thriller, Crime & Mystery Films",,"Thriller, Crime & Mystery Films",Film and TV
35,Music & Audio,,Music & Audio,Music
217,CD & Audio Shopping,,CD & Audio Shopping,Music
586,Classical Music,,Classical Music,Music
1185,Opera,,Opera,Music
587,Country Music,,Country Music,Music
588,Dance & Electronic Music,,Dance & Electronic Music,Music
1022,Experimental & Industrial Music,,Experimental & Industrial Music,Music
1023,Folk & Traditional Music,,Folk & Traditional Music,Music
589,Jazz & Blues,,Jazz & Blues,Music
1040,Blues,,Blues,Music
42,Jazz,,Jazz,Music
1285,Latin Pop,,Latin Pop,Music
218,Music Art & Memorabilia,,Music Art & Memorabilia,Music
1087,Music Education & Instruction,,Music Education & Instruction,Music
1024,Music Equipment & Technology,,Music Equipment & Technology,Music
1025,DJ Resources & Equipment,,DJ Resources & Equipment,Music
1026,Music Recording Technology,,Music Recording Technology,Music
216,Musical Instruments,,Musical Instruments,Music
1327,Drums & Percussion,,Drums & Percussion,Music
1325,Guitars,,Guitars,Music
1326,Pianos & Keyboards,,Pianos & Keyboards,Music
1091,Samples & Sound Libraries,,Samples & Sound Libraries,Music
1027,Music Reference,,Music Reference,Music
1028,Music Composition & Theory,,Music Composition & Theory,Music
892,Sheet Music,,Sheet Music,Music
617,Song Lyrics & Tabs,,Song Lyrics & Tabs,Music
220,Music Streams & Downloads,,Music Streams & Downloads,Music
1021,Pop Music,,Pop Music,Music
215,Radio,,Radio,Music
809,Podcasting,,Podcasting,Music
1186,Talk Radio,,Talk Radio,Music
1020,Religious Music,,Religious Music,Music
585,Christian & Gospel Music,,Christian & Gospel Music,Music
590,Rock Music,,Rock Music,Music
1037,Classic Rock & Oldies,,Classic Rock & Oldies,Music
1035,Hard Rock & Progressive,,Hard Rock & Progressive,Music
1038,Indie & Alternative Music,,Indie & Alternative Music,Music
1036,Metal (Music),,Metal (Music),Music
1041,Punk (Music),,Punk (Music),Music
893,Soundtracks,,Soundtracks,Music
592,Urban & Hip-Hop,,Urban & Hip-Hop,Music
1030,Rap & Hip-Hop,,Rap & Hip-Hop,Music
1242,Reggaeton,,Reggaeton,Music
1039,Soul & R&B,,Soul & R&B,Music
618,Vocals & Show Tunes,,Vocals & Show Tunes,Music
593,World Music,,World Music,Music
1208,African Music,,African Music,Music
1034,Arab & Middle Eastern Music,,Arab & Middle Eastern Music,Music
1033,East Asian Music,,East Asian Music,Music
591,Latin American Music,,Latin American Music,Music
1287,Brazilian Music,,Brazilian Music,Music
1286,Salsa & Tropical Music,,Salsa & Tropical Music,Music
1031,Reggae & Caribbean Music,,Reggae & Caribbean Music,Music
1032,South Asian Music,,South Asian Music,Music
33,Offbeat,,Offbeat,Lifestyle and Hobbies
538,Edgy & Bizarre,,Edgy & Bizarre,Lifestyle and Hobbies
449,Occult & Paranormal,,Occult & Paranormal,Lifestyle and Hobbies
613,Online Media,,Online Media,Technology
105,Online Games,,Online Games,Gaming
935,Massive Multiplayer,,Massive Multiplayer,Gaming
1222,Online Image Galleries,,Online Image Galleries,Technology
978,Photo & Image Sharing,,Photo & Image Sharing,Technology
320,Photo Rating Sites,,Photo Rating Sites,Technology
574,Stock Photography,,Stock Photography,Business and Finance
211,Online Video,,Online Video,Technology
979,Video Sharing,,Video Sharing,Technology
301,Web Portals,,Web Portals,Technology
575,Webcams & Virtual Tours,,Webcams & Virtual Tours,Lifestyle and Hobbies
23,Performing Arts,,Performing Arts,Film and TV
894,Acting & Theater,,Acting & Theater,Film and TV
1243,Broadway & Musical Theater,,Broadway & Musical Theater,Film and TV
581,Dance,,Dance,Film and TV
36,TV & Video,,TV & Video,Film and TV
1055,TV Commercials,,TV Commercials,Film and TV
1187,TV Guides & Reference,,TV Guides & Reference,Film and TV
359,TV Networks & Stations,,TV Networks & Stations,Film and TV
358,TV Shows & Programs,,TV Shows & Programs,Film and TV
1193,TV Dramas,,TV Dramas,Film and TV
1111,TV Crime & Legal Shows,,TV Crime & Legal Shows,Film and TV
1194,TV Medical Shows,,TV Medical Shows,Film and TV
357,TV Soap Operas,,TV Soap Operas,Film and TV
1110,TV Family-Oriented Shows,,TV Family-Oriented Shows,Film and TV
1050,TV Game Shows,,TV Game Shows,Film and TV
1049,TV Reality Shows,,TV Reality Shows,Film and TV
1112,TV Sci-Fi & Fantasy Shows,,TV Sci-Fi & Fantasy Shows,Film and TV
1048,TV Talk Shows,,TV Talk Shows,Film and TV
24,Visual Art & Design,,Visual Art & Design,Lifestyle and Hobbies
477,Architecture,,Architecture,Lifestyle and Hobbies
1361,Art & Craft Supplies,,Art & Craft Supplies,Business and Finance
1195,Arts Education,,Arts Education,Film and TV
653,Design,,Design,Lifestyle and Hobbies
1300,CAD & CAM,,CAD & CAM,Science and Education
654,Graphic Design,,Graphic Design,Lifestyle and Hobbies
655,Industrial & Product Design,,Industrial & Product Design,Industry and Operations
656,Interior Design,,Interior Design,Lifestyle and Hobbies
1167,Painting,,Painting,Lifestyle and Hobbies
439,Photographic & Digital Arts,,Photographic & Digital Arts,Film and TV
573,Camera & Photo Equipment,,Camera & Photo Equipment,Technology
1384,"Binoculars, Telescopes & Optical Devices",,"Binoculars, Telescopes & Optical Devices",Technology
306,Cameras & Camcorders,,Cameras & Camcorders,Technology
308,Camcorders,,Camcorders,Technology
1383,Camera Lenses,,Camera Lenses,Technology
307,Cameras,,Cameras,Technology
577,Photo & Video Software,,Photo & Video Software,Technology
1315,Video File Formats & Codecs,,Video File Formats & Codecs,Technology
47,Autos & Vehicles,,Autos & Vehicles,Automotive and Transport
1190,Automotive Industry,,Automotive Industry,Automotive and Transport
1191,Bicycles & Accessories,,Bicycles & Accessories,Other
1140,Boats & Watercraft,,Boats & Watercraft,Automotive and Transport
1213,Campers & RVs,,Campers & RVs,Automotive and Transport
1013,Classic Vehicles,,Classic Vehicles,Automotive and Transport
1214,Commercial Vehicles,,Commercial Vehicles,Automotive and Transport
1215,Cargo Trucks & Trailers,,Cargo Trucks & Trailers,Automotive and Transport
806,Custom & Performance Vehicles,,Custom & Performance Vehicles,Automotive and Transport
810,Hybrid & Alternative Vehicles,,Hybrid & Alternative Vehicles,Automotive and Transport
1380,Electric & Plug-In Vehicles,,Electric & Plug-In Vehicles,Automotive and Transport
1317,Microcars & City Cars,,Microcars & City Cars,Automotive and Transport
273,Motorcycles,,Motorcycles,Automotive and Transport
148,Off-Road Vehicles,,Off-Road Vehicles,Automotive and Transport
1147,Personal Aircraft,,Personal Aircraft,Automotive and Transport
1212,Scooters & Mopeds,,Scooters & Mopeds,Automotive and Transport
610,Trucks & SUVs,,Trucks & SUVs,Automotive and Transport
1057,SUVs,,SUVs,Automotive and Transport
1056,Trucks,,Trucks,Automotive and Transport
1058,Vans & Minivans,,Vans & Minivans,Automotive and Transport
815,Vehicle Brands,,Vehicle Brands,Automotive and Transport
820,Acura,,Acura,Automotive and Transport
821,Audi,,Audi,Automotive and Transport
1059,Bentley,,Bentley,Automotive and Transport
822,BMW,,BMW,Automotive and Transport
1060,Buick,,Buick,Automotive and Transport
823,Cadillac,,Cadillac,Automotive and Transport
826,Chevrolet,,Chevrolet,Automotive and Transport
833,Chrysler,,Chrysler,Automotive and Transport
834,Citroën,,Citroën,Automotive and Transport
836,Dodge,,Dodge,Automotive and Transport
1061,Ferrari,,Ferrari,Automotive and Transport
838,Fiat,,Fiat,Automotive and Transport
840,Ford,,Ford,Automotive and Transport
896,GM-Daewoo,,GM-Daewoo,Automotive and Transport
842,GMC,,GMC,Automotive and Transport
843,Honda,,Honda,Automotive and Transport
1062,Hummer,,Hummer,Automotive and Transport
845,Hyundai,,Hyundai,Automotive and Transport
1378,Isuzu,,Isuzu,Automotive and Transport
1063,Jaguar,,Jaguar,Automotive and Transport
846,Jeep,,Jeep,Automotive and Transport
848,Kia,,Kia,Automotive and Transport
1064,Lamborghini,,Lamborghini,Automotive and Transport
1065,Land Rover,,Land Rover,Automotive and Transport
849,Lexus,,Lexus,Automotive and Transport
850,Lincoln,,Lincoln,Automotive and Transport
1066,Maserati,,Maserati,Automotive and Transport
851,Mazda,,Mazda,Automotive and Transport
852,Mercedes-Benz,,Mercedes-Benz,Automotive and Transport
853,Mercury,,Mercury,Automotive and Transport
1067,Mini,,Mini,Automotive and Transport
854,Mitsubishi,,Mitsubishi,Automotive and Transport
855,Nissan,,Nissan,Automotive and Transport
1377,Infiniti,,Infiniti,Automotive and Transport
856,Peugeot,,Peugeot,Automotive and Transport
857,Pontiac,,Pontiac,Automotive and Transport
858,Porsche,,Porsche,Automotive and Transport
859,Renault-Samsung,,Renault-Samsung,Automotive and Transport
1068,Rolls-Royce,,Rolls-Royce,Automotive and Transport
897,Saab,,Saab,Automotive and Transport
860,Saturn,,Saturn,Automotive and Transport
861,Subaru,,Subaru,Automotive and Transport
1070,Suzuki,,Suzuki,Automotive and Transport
863,Toyota,,Toyota,Automotive and Transport
1069,Scion,,Scion,Automotive and Transport
898,Vauxhall-Opel,,Vauxhall-Opel,Automotive and Transport
865,Volkswagen,,Volkswagen,Automotive and Transport
867,Volvo,,Volvo,Automotive and Transport
1294,Vehicle Codes & Driving Laws,,Vehicle Codes & Driving Laws,Automotive and Transport
968,Drunk Driving Law,,Drunk Driving Law,Crime and Legal
170,Vehicle Licensing & Registration,,Vehicle Licensing & Registration,Automotive and Transport
138,Vehicle Maintenance,,Vehicle Maintenance,Industry and Operations
89,Vehicle Parts & Accessories,,Vehicle Parts & Accessories,Automotive and Transport
1217,Auto Exterior,,Auto Exterior,Automotive and Transport
1218,Auto Interior,,Auto Interior,Automotive and Transport
1188,Car Electronics,,Car Electronics,Automotive and Transport
230,Car Audio,,Car Audio,Music
1189,Car Video,,Car Video,Film and TV
794,GPS & Navigation,,GPS & Navigation,Technology
1216,Engine & Transmission,,Engine & Transmission,Automotive and Transport
1269,Vehicle Fuels & Lubricants,,Vehicle Fuels & Lubricants,Automotive and Transport
438,Vehicle Wheels & Tires,,Vehicle Wheels & Tires,Automotive and Transport
473,Vehicle Shopping,,Vehicle Shopping,Automotive and Transport
1268,Fuel Economy & Gas Prices,,Fuel Economy & Gas Prices,Automotive and Transport
1267,"Vehicle Specs, Reviews & Comparisons",,"Vehicle Specs, Reviews & Comparisons",Automotive and Transport
803,Vehicle Shows,,Vehicle Shows,Automotive and Transport
44,Beauty & Fitness,,Beauty & Fitness,Health and Fitness
1219,Beauty Pageants,,Beauty Pageants,Health and Fitness
239,Body Art,,Body Art,Health and Fitness
1220,Cosmetic Procedures,,Cosmetic Procedures,Health and Fitness
238,Cosmetic Surgery,,Cosmetic Surgery,Health and Fitness
147,Cosmetology & Beauty Professionals,,Cosmetology & Beauty Professionals,Health and Fitness
143,Face & Body Care,,Face & Body Care,Health and Fitness
244,Hygiene & Toiletries,,Hygiene & Toiletries,Health and Fitness
234,Make-Up & Cosmetics,,Make-Up & Cosmetics,Health and Fitness
242,Perfumes & Fragrances,,Perfumes & Fragrances,Health and Fitness
93,Skin & Nail Care,,Skin & Nail Care,Health and Fitness
144,Unwanted Body & Facial Hair Removal,,Unwanted Body & Facial Hair Removal,Health and Fitness
185,Fashion & Style,,Fashion & Style,Lifestyle and Hobbies
98,Fashion Designers & Collections,,Fashion Designers & Collections,Lifestyle and Hobbies
1155,Fashion Modeling,,Fashion Modeling,Lifestyle and Hobbies
94,Fitness,,Fitness,Health and Fitness
241,Bodybuilding,,Bodybuilding,Health and Fitness
611,Yoga & Pilates,,Yoga & Pilates,Health and Fitness
146,Hair Care,,Hair Care,Health and Fitness
235,Hair Loss,,Hair Loss,Health and Fitness
145,Spas & Beauty Services,,Spas & Beauty Services,Business and Finance
557,Massage Therapy,,Massage Therapy,Health and Fitness
236,Weight Loss,,Weight Loss,Health and Fitness
22,Books & Literature,,Books & Literature,Film and TV
690,Biographies & Quotations,,Biographies & Quotations,Film and TV
355,Book Retailers,,Book Retailers,Film and TV
1183,Children's Literature,,Children's Literature,Film and TV
608,E-Books,,E-Books,Film and TV
540,Fan Fiction,,Fan Fiction,Film and TV
1184,Literary Classics,,Literary Classics,Film and TV
412,Magazines,,Magazines,Books and Publishing
565,Poetry,,Poetry,Film and TV
1177,Writers Resources,,Writers Resources,Other
12,Business & Industrial,,Business & Industrial,Industry and Operations
25,Advertising & Marketing,,Advertising & Marketing,Business and Finance
83,Marketing Services,,Marketing Services,Business and Finance
1309,Loyalty Cards & Programs,,Loyalty Cards & Programs,Science and Education
327,Public Relations,,Public Relations,Politics and World News
84,Search Engine Optimization & Marketing,,Search Engine Optimization & Marketing,Automotive and Transport
328,Telemarketing,,Telemarketing,Business and Finance
356,Aerospace & Defense,,Aerospace & Defense,Science and Education
669,Defense Industry,,Defense Industry,Business and Finance
668,Space Technology,,Space Technology,Technology
46,Agriculture & Forestry,,Agriculture & Forestry,Environment and Outdoors
748,Agricultural Equipment,,Agricultural Equipment,Science and Education
747,Aquaculture,,Aquaculture,Science and Education
749,Crops & Seed,,Crops & Seed,Science and Education
621,Food Production,,Food Production,Industry and Operations
750,Forestry,,Forestry,Environment and Outdoors
751,Horticulture,,Horticulture,Environment and Outdoors
752,Livestock,,Livestock,Environment and Outdoors
799,Business Education,,Business Education,Business and Finance
1138,Business Finance,,Business Finance,Business and Finance
1160,Commercial Lending,,Commercial Lending,Business and Finance
1139,Investment Banking,,Investment Banking,Business and Finance
620,Risk Management,,Risk Management,Business and Finance
905,Venture Capital,,Venture Capital,Business and Finance
784,Business News,,Business News,Business and Finance
1179,Company News,,Company News,Business and Finance
1240,Company Earnings,,Company Earnings,Business and Finance
1241,Mergers & Acquisitions,,Mergers & Acquisitions,Business and Finance
1164,Economy News,,Economy News,Business and Finance
1163,Financial Markets,,Financial Markets,Business and Finance
1165,Fiscal Policy News,,Fiscal Policy News,Politics and World News
1159,Business Operations,,Business Operations,Business and Finance
336,Business Plans & Presentations,,Business Plans & Presentations,Business and Finance
157,Human Resources,,Human Resources,Other
723,Compensation & Benefits,,Compensation & Benefits,Business and Finance
331,Corporate Training,,Corporate Training,Sports
724,Payroll Services,,Payroll Services,Business and Finance
330,Recruitment & Staffing,,Recruitment & Staffing,Business and Finance
338,Management,,Management,Business and Finance
721,Business Process,,Business Process,Business and Finance
1360,Project Management,,Project Management,Business and Finance
1359,Project Management Software,,Project Management Software,Technology
722,Strategic Planning,,Strategic Planning,Business and Finance
801,Supply Chain Management,,Supply Chain Management,Business and Finance
329,Business Services,,Business Services,Business and Finance
1162,Consulting,,Consulting,Business and Finance
334,Corporate Events,,Corporate Events,Lifestyle and Hobbies
335,Trade Shows & Conventions,,Trade Shows & Conventions,Business and Finance
340,E-Commerce Services,,E-Commerce Services,Business and Finance
280,Merchant Services & Payment Systems,,Merchant Services & Payment Systems,Business and Finance
726,Fire & Security Services,,Fire & Security Services,Technology
800,Knowledge Management,,Knowledge Management,Business and Finance
28,Office Services,,Office Services,Business and Finance
337,Office & Facilities Management,,Office & Facilities Management,Business and Finance
95,Office Supplies,,Office Supplies,Business and Finance
1375,Business Cards & Stationary,,Business Cards & Stationary,Business and Finance
333,Office Furniture,,Office Furniture,Other
1330,"Printers, Copiers & Fax",,"Printers, Copiers & Fax",Other
1331,Copiers,,Copiers,Other
1332,Fax Machines,,Fax Machines,Other
1333,Ink & Toner,,Ink & Toner,Other
494,Printers,,Printers,Other
495,Scanners,,Scanners,Other
718,Outsourcing,,Outsourcing,Industry and Operations
576,Photo & Video Services,,Photo & Video Services,Technology
719,Physical Asset Management,,Physical Asset Management,Business and Finance
720,Quality Control & Tracking,,Quality Control & Tracking,Industry and Operations
1076,Signage,,Signage,Other
725,Writing & Editing Services,,Writing & Editing Services,Business and Finance
288,Chemicals Industry,,Chemicals Industry,Business and Finance
670,Agrochemicals,,Agrochemicals,Other
671,Cleaning Agents,,Cleaning Agents,Other
672,Coatings & Adhesives,,Coatings & Adhesives,Other
673,Dyes & Pigments,,Dyes & Pigments,Other
674,Plastics & Polymers,,Plastics & Polymers,Other
48,Construction & Maintenance,,Construction & Maintenance,Industry and Operations
650,Building Materials & Supplies,,Building Materials & Supplies,Business and Finance
827,Doors & Windows,,Doors & Windows,Technology
828,HVAC & Climate Control,,HVAC & Climate Control,Industry and Operations
829,Nails Screws & Fasteners,,Nails Screws & Fasteners,Industry and Operations
830,Plumbing Fixtures & Equipment,,Plumbing Fixtures & Equipment,Lifestyle and Hobbies
831,Wood & Plastics,,Wood & Plastics,Industry and Operations
651,Civil Engineering,,Civil Engineering,Industry and Operations
652,Construction Consulting & Contracting,,Construction Consulting & Contracting,Industry and Operations
686,Urban & Regional Planning,,Urban & Regional Planning,Business and Finance
233,Energy & Utilities,,Energy & Utilities,Science and Education
658,Electricity,,Electricity,Other
954,Nuclear Energy,,Nuclear Energy,Science and Education
659,Oil & Gas,,Oil & Gas,Other
657,Renewable & Alternative Energy,,Renewable & Alternative Energy,Science and Education
660,Waste Management,,Waste Management,Business and Finance
1307,Recycling,,Recycling,Environment and Outdoors
1349,Water Supply & Treatment,,Water Supply & Treatment,Health and Fitness
77,Enterprise Technology,,Enterprise Technology,Technology
341,Customer Relationship Management (CRM),,Customer Relationship Management (CRM),Business and Finance
343,Data Management,,Data Management,Technology
342,Enterprise Resource Planning (ERP),,Enterprise Resource Planning (ERP),Business and Finance
955,Hospitality Industry,,Hospitality Industry,Business and Finance
956,Event Planning,,Event Planning,Business and Finance
957,Food Service,,Food Service,Business and Finance
121,Grocery & Food Retailers,,Grocery & Food Retailers,Lifestyle and Hobbies
816,Restaurant Supply,,Restaurant Supply,Industry and Operations
287,Industrial Materials & Equipment,,Industrial Materials & Equipment,Industry and Operations
1152,Fluid Handling,,Fluid Handling,Industry and Operations
839,Valves Hoses & Fittings,,Valves Hoses & Fittings,Industry and Operations
835,Generators,,Generators,Industry and Operations
837,Heavy Machinery,,Heavy Machinery,Industry and Operations
49,Manufacturing,,Manufacturing,Industry and Operations
661,Factory Automation,,Factory Automation,Industry and Operations
606,Metals & Mining,,Metals & Mining,Industry and Operations
255,Pharmaceuticals & Biotech,,Pharmaceuticals & Biotech,Health and Fitness
1176,Printing & Publishing,,Printing & Publishing,Books and Publishing
332,Document & Printing Services,,Document & Printing Services,Business and Finance
1204,Journalism & News Industry,,Journalism & News Industry,Business and Finance
1199,Professional & Trade Associations,,Professional & Trade Associations,Industry and Operations
841,Retail Trade,,Retail Trade,Business and Finance
844,Retail Equipment & Technology,,Retail Equipment & Technology,Technology
551,Small Business,,Small Business,Business and Finance
1200,Business Formation,,Business Formation,Business and Finance
727,Home Office,,Home Office,Lifestyle and Hobbies
552,MLM & Business Opportunities,,MLM & Business Opportunities,Business and Finance
566,Textiles & Nonwovens,,Textiles & Nonwovens,Industry and Operations
50,Transportation & Logistics,,Transportation & Logistics,Automotive and Transport
662,Aviation,,Aviation,Automotive and Transport
664,Distribution & Logistics,,Distribution & Logistics,Automotive and Transport
289,Freight & Trucking,,Freight & Trucking,Industry and Operations
354,Import & Export,,Import & Export,Industry and Operations
1150,Mail & Package Delivery,,Mail & Package Delivery,Industry and Operations
663,Couriers & Messengers,,Couriers & Messengers,Industry and Operations
665,Maritime Transport,,Maritime Transport,Automotive and Transport
291,Moving & Relocation,,Moving & Relocation,Industry and Operations
290,Packaging,,Packaging,Industry and Operations
1306,Parking,,Parking,Industry and Operations
1245,Airport Parking & Transportation,,Airport Parking & Transportation,Industry and Operations
1347,Public Storage,,Public Storage,Politics and World News
666,Rail Transport,,Rail Transport,Automotive and Transport
667,Urban Transport,,Urban Transport,Automotive and Transport
5,Computers & Electronics,,Computers & Electronics,Technology
30,Computer Hardware,,Computer Hardware,Technology
717,Computer Components,,Computer Components,Technology
741,Chips & Processors,,Chips & Processors,Technology
226,Computer Memory,,Computer Memory,Technology
740,Sound & Video Cards,,Sound & Video Cards,Technology
496,Computer Drives & Storage,,Computer Drives & Storage,Technology
1321,CD & DVD Drives & Burners,,CD & DVD Drives & Burners,Film and TV
1322,CD & DVD Storage Media,,CD & DVD Storage Media,Film and TV
1323,Data Backup & Recovery,,Data Backup & Recovery,Technology
1318,Flash Drives & Memory Cards,,Flash Drives & Memory Cards,Technology
1320,Hard Drives,,Hard Drives,Technology
1319,Memory Card Readers,,Memory Card Readers,Technology
729,Network Storage,,Network Storage,Other
312,Computer Peripherals,,Computer Peripherals,Technology
487,Computer Monitors & Displays,,Computer Monitors & Displays,Technology
493,Input Devices,,Input Devices,Technology
728,Computer Servers,,Computer Servers,Technology
309,Desktop Computers,,Desktop Computers,Technology
739,Hardware Modding & Tuning,,Hardware Modding & Tuning,Technology
310,Laptops & Notebooks,,Laptops & Notebooks,Technology
1277,Tablet PCs,,Tablet PCs,Technology
314,Computer Security,,Computer Security,Technology
315,Antivirus & Malware,,Antivirus & Malware,Technology
344,Network Security,,Network Security,Technology
78,Consumer Electronics,,Consumer Electronics,Other
361,Audio Equipment,,Audio Equipment,Music
1396,Headphones,,Headphones,Technology
227,MP3 & Portable Media Players,,MP3 & Portable Media Players,Gaming
1158,Speakers,,Speakers,Technology
91,Stereo Systems & Components,,Stereo Systems & Components,Other
1192,Electronic Accessories,,Electronic Accessories,Other
362,Gadgets & Portable Electronics,,Gadgets & Portable Electronics,Other
1324,E-Book Readers,,E-Book Readers,Film and TV
1046,Handheld Game Consoles,,Handheld Game Consoles,Gaming
228,PDAs & Handhelds,,PDAs & Handhelds,Technology
899,Game Systems & Consoles,,Game Systems & Consoles,Gaming
1043,Nintendo,,Nintendo,Gaming
1044,Sony PlayStation,,Sony PlayStation,Gaming
1045,Xbox,,Xbox,Gaming
229,TV & Video Equipment,,TV & Video Equipment,Film and TV
1393,DVRs & Set-Top Boxes,,DVRs & Set-Top Boxes,Technology
1157,Home Theater Systems,,Home Theater Systems,Film and TV
1334,Projectors & Screens,,Projectors & Screens,Technology
305,Televisions,,Televisions,Technology
1354,HDTVs,,HDTVs,Technology
1356,LCD TVs,,LCD TVs,Technology
1355,Plasma TVs,,Plasma TVs,Technology
1357,Projection TVs,,Projection TVs,Technology
492,Video Players & Recorders,,Video Players & Recorders,Gaming
1394,Blu-Ray Players & Recorders,,Blu-Ray Players & Recorders,Gaming
1395,DVD Players & Recorders,,DVD Players & Recorders,Film and TV
434,Electronics & Electrical,,Electronics & Electrical,Other
900,Data Sheets & Electronics Reference,,Data Sheets & Electronics Reference,Technology
743,Electromechanical Devices,,Electromechanical Devices,Technology
742,Electronic Components,,Electronic Components,Other
744,Optoelectronics & Fiber,,Optoelectronics & Fiber,Technology
745,Power Supplies,,Power Supplies,Business and Finance
746,Test & Measurement,,Test & Measurement,Technology
311,Networking,,Networking,Other
488,Data Formats & Protocols,,Data Formats & Protocols,Technology
1298,Distributed & Parallel Computing,,Distributed & Parallel Computing,Technology
347,Network Monitoring & Management,,Network Monitoring & Management,Business and Finance
346,Networking Equipment,,Networking Equipment,Other
1279,VPN & Remote Access,,VPN & Remote Access,Technology
31,Programming,,Programming,Technology
731,C & C++,,C & C++,Other
802,Developer Jobs,,Developer Jobs,Technology
730,Development Tools,,Development Tools,Other
732,Java,,Java,Technology
733,Scripting Languages,,Scripting Languages,Technology
734,Windows & .NET,,Windows & .NET,Technology
32,Software,,Software,Technology
498,Business & Productivity Software,,Business & Productivity Software,Technology
1341,Accounting & Financial Software,,Accounting & Financial Software,Technology
1358,Calendar & Scheduling Software,,Calendar & Scheduling Software,Technology
1346,Presentation Software,,Presentation Software,Technology
1344,Spreadsheet Software,,Spreadsheet Software,Technology
1345,Word Processing Software,,Word Processing Software,Technology
225,Device Drivers,,Device Drivers,Technology
804,Educational Software,,Educational Software,Technology
901,Freeware & Shareware,,Freeware & Shareware,Technology
807,Internet Software,,Internet Software,Technology
808,Content Management,,Content Management,Business and Finance
304,Internet Clients & Browsers,,Internet Clients & Browsers,Technology
902,Proxying & Filtering,,Proxying & Filtering,Technology
1109,Mobile Apps & Add-Ons,,Mobile Apps & Add-Ons,Technology
532,Ringtones & Mobile Goodies,,Ringtones & Mobile Goodies,Technology
497,Multimedia Software,,Multimedia Software,Technology
1089,Audio & Music Software,,Audio & Music Software,Music
1092,Audio Files Formats & Codecs,,Audio Files Formats & Codecs,Music
1088,Desktop Publishing,,Desktop Publishing,Books and Publishing
805,Fonts,,Fonts,Technology
486,Graphics & Animation Software,,Graphics & Animation Software,Film and TV
1090,Media Players,,Media Players,Gaming
313,Open Source,,Open Source,Technology
303,Operating Systems,,Operating Systems,Other
736,Linux & Unix,,Linux & Unix,Technology
735,Mac OS,,Mac OS,Technology
1382,Mobile OS,,Mobile OS,Technology
737,Windows OS,,Windows OS,Technology
224,Software Utilities,,Software Utilities,Technology
1142,Web Apps & Online Tools,,Web Apps & Online Tools,Technology
567,Technical Support,,Technical Support,Technology
785,Technology News,,Technology News,Technology
7,Finance,,Finance,Business and Finance
278,Accounting & Auditing,,Accounting & Auditing,Business and Finance
1283,Tax Preparation & Planning,,Tax Preparation & Planning,Business and Finance
37,Banking,,Banking,Business and Finance
279,Credit & Lending,,Credit & Lending,Business and Finance
468,Auto Financing,,Auto Financing,Automotive and Transport
813,College Financing,,College Financing,Science and Education
811,Credit Cards,,Credit Cards,Business and Finance
812,Debt Management,,Debt Management,Business and Finance
466,Home Financing,,Home Financing,Lifestyle and Hobbies
814,Currencies & Foreign Exchange,,Currencies & Foreign Exchange,Business and Finance
903,Financial Planning,,Financial Planning,Business and Finance
1282,Grants & Financial Assistance,,Grants & Financial Assistance,Business and Finance
38,Insurance,,Insurance,Business and Finance
467,Auto Insurance,,Auto Insurance,Automotive and Transport
249,Health Insurance,,Health Insurance,Business and Finance
465,Home Insurance,,Home Insurance,Business and Finance
107,Investing,,Investing,Business and Finance
904,Commodities & Futures Trading,,Commodities & Futures Trading,Business and Finance
619,Retirement & Pension,,Retirement & Pension,Business and Finance
71,Food & Drink,,Food & Drink,Lifestyle and Hobbies
277,Alcoholic Beverages,,Alcoholic Beverages,Lifestyle and Hobbies
404,Beer,,Beer,Lifestyle and Hobbies
406,Liquor,,Liquor,Lifestyle and Hobbies
405,Wine,,Wine,Lifestyle and Hobbies
906,Candy & Sweets,,Candy & Sweets,Lifestyle and Hobbies
122,Cooking & Recipes,,Cooking & Recipes,Lifestyle and Hobbies
907,Baked Goods,,Baked Goods,Business and Finance
908,Fruits & Vegetables,,Fruits & Vegetables,Lifestyle and Hobbies
909,Meat & Seafood,,Meat & Seafood,Lifestyle and Hobbies
910,Soups & Stews,,Soups & Stews,Lifestyle and Hobbies
825,Vegetarian Cuisine,,Vegetarian Cuisine,Lifestyle and Hobbies
911,World Cuisines,,World Cuisines,Politics and World News
912,Asian Cuisine,,Asian Cuisine,People and Society
913,Latin American Cuisine,,Latin American Cuisine,Lifestyle and Hobbies
914,Mediterranean Cuisine,,Mediterranean Cuisine,Lifestyle and Hobbies
915,North American Cuisine,,North American Cuisine,Lifestyle and Hobbies
297,Culinary Training,,Culinary Training,Sports
560,Non-Alcoholic Beverages,,Non-Alcoholic Beverages,Lifestyle and Hobbies
916,Coffee & Tea,,Coffee & Tea,Lifestyle and Hobbies
276,Restaurants,,Restaurants,Lifestyle and Hobbies
917,Dining Guides,,Dining Guides,Science and Education
918,Fast Food,,Fast Food,Lifestyle and Hobbies
8,Games,,Games,Gaming
919,Arcade & Coin-Op Games,,Arcade & Coin-Op Games,Gaming
920,Board Games,,Board Games,Gaming
921,Chess & Abstract Strategy Games,,Chess & Abstract Strategy Games,Gaming
922,Miniatures & Wargaming,,Miniatures & Wargaming,Gaming
39,Card Games,,Card Games,Gaming
923,Collectible Card Games,,Collectible Card Games,Gaming
924,Poker & Casino Games,,Poker & Casino Games,Gaming
41,Computer & Video Games,,Computer & Video Games,Gaming
1311,Action & Platform Games,,Action & Platform Games,Film and TV
925,Adventure Games,,Adventure Games,Film and TV
926,Casual Games,,Casual Games,Gaming
927,Driving & Racing Games,,Driving & Racing Games,Gaming
928,Fighting Games,,Fighting Games,Gaming
1343,Gaming Media & Reference,,Gaming Media & Reference,Gaming
381,Game Cheats & Hints,,Game Cheats & Hints,Gaming
929,Music & Dance Games,,Music & Dance Games,Music
930,Shooter Games,,Shooter Games,Gaming
931,Simulation Games,,Simulation Games,Gaming
932,Sports Games,,Sports Games,Gaming
933,Strategy Games,,Strategy Games,Gaming
1342,Video Game Emulation,,Video Game Emulation,Gaming
1146,Video Game Retailers,,Video Game Retailers,Gaming
1290,Family-Oriented Games & Activities,,Family-Oriented Games & Activities,Gaming
1397,Drawing & Coloring,,Drawing & Coloring,Lifestyle and Hobbies
936,Party Games,,Party Games,Gaming
937,Puzzles & Brainteasers,,Puzzles & Brainteasers,Gaming
622,Roleplaying Games,,Roleplaying Games,Gaming
938,Table Games,,Table Games,Gaming
939,Billiards,,Billiards,Sports
940,Table Tennis,,Table Tennis,Sports
45,Health,,Health,Health and Fitness
623,Aging & Geriatrics,,Aging & Geriatrics,Health and Fitness
624,Alzheimer's Disease,,Alzheimer's Disease,Health and Fitness
499,Alternative & Natural Medicine,,Alternative & Natural Medicine,Health and Fitness
1239,Acupuncture & Chinese Medicine,,Acupuncture & Chinese Medicine,Health and Fitness
1238,Cleansing & Detoxification,,Cleansing & Detoxification,Health and Fitness
419,Health Conditions,,Health Conditions,Health and Fitness
625,AIDS & HIV,,AIDS & HIV,Health and Fitness
626,Allergies,,Allergies,Health and Fitness
628,Arthritis,,Arthritis,Health and Fitness
429,Cancer,,Cancer,Health and Fitness
629,Cold & Flu,,Cold & Flu,Health and Fitness
630,Diabetes,,Diabetes,Health and Fitness
1211,Ear Nose & Throat,,Ear Nose & Throat,Health and Fitness
571,Eating Disorders,,Eating Disorders,Health and Fitness
1328,Endocrine Conditions,,Endocrine Conditions,Health and Fitness
1329,Thyroid Conditions,,Thyroid Conditions,Health and Fitness
941,Genetic Disorders,,Genetic Disorders,Health and Fitness
638,GERD & Digestive Disorders,,GERD & Digestive Disorders,Health and Fitness
559,Heart & Hypertension,,Heart & Hypertension,Health and Fitness
632,Infectious Diseases,,Infectious Diseases,Health and Fitness
1262,Parasites & Parasitic Diseases,,Parasites & Parasitic Diseases,Health and Fitness
421,Sexually Transmitted Diseases,,Sexually Transmitted Diseases,Health and Fitness
1263,Vaccines & Immunizations,,Vaccines & Immunizations,Health and Fitness
817,Injury,,Injury,Health and Fitness
942,Neurological Disorders,,Neurological Disorders,Health and Fitness
818,Obesity,,Obesity,Health and Fitness
819,Pain Management,,Pain Management,Business and Finance
631,Headaches & Migraines,,Headaches & Migraines,Health and Fitness
824,Respiratory Conditions,,Respiratory Conditions,Health and Fitness
627,Asthma,,Asthma,Health and Fitness
420,Skin Conditions,,Skin Conditions,Health and Fitness
633,Sleep Disorders,,Sleep Disorders,Health and Fitness
254,Health Education & Medical Training,,Health Education & Medical Training,Sports
252,Health Foundations & Medical Research,,Health Foundations & Medical Research,Health and Fitness
1253,Health News,,Health News,Health and Fitness
1256,Health Policy,,Health Policy,Politics and World News
251,Medical Devices & Equipment,,Medical Devices & Equipment,Technology
1352,Assistive Technology,,Assistive Technology,Technology
1353,Mobility Equipment & Accessories,,Mobility Equipment & Accessories,Other
256,Medical Facilities & Services,,Medical Facilities & Services,Business and Finance
634,Doctors' Offices,,Doctors' Offices,Health and Fitness
250,Hospitals & Treatment Centers,,Hospitals & Treatment Centers,Health and Fitness
635,Medical Procedures,,Medical Procedures,Health and Fitness
943,Medical Tests & Exams,,Medical Tests & Exams,Health and Fitness
944,Surgery,,Surgery,Health and Fitness
500,Physical Therapy,,Physical Therapy,Health and Fitness
253,Medical Literature & Resources,,Medical Literature & Resources,Film and TV
945,Medical Photos & Illustration,,Medical Photos & Illustration,Health and Fitness
636,Men's Health,,Men's Health,Health and Fitness
202,Erectile Dysfunction,,Erectile Dysfunction,Health and Fitness
437,Mental Health,,Mental Health,Health and Fitness
639,Anxiety & Stress,,Anxiety & Stress,Health and Fitness
640,Depression,,Depression,Health and Fitness
641,Learning & Developmental Disabilities,,Learning & Developmental Disabilities,Science and Education
642,ADD & ADHD,,ADD & ADHD,Health and Fitness
418,Nursing,,Nursing,Health and Fitness
649,Assisted Living & Long Term Care,,Assisted Living & Long Term Care,Health and Fitness
456,Nutrition,,Nutrition,Health and Fitness
457,Special & Restricted Diets,,Special & Restricted Diets,Health and Fitness
643,Cholesterol Issues,,Cholesterol Issues,Other
237,Vitamins & Supplements,,Vitamins & Supplements,Other
245,Oral & Dental Care,,Oral & Dental Care,Health and Fitness
645,Pediatrics,,Pediatrics,Other
248,Pharmacy,,Pharmacy,Other
646,Drugs & Medications,,Drugs & Medications,Health and Fitness
947,Public Health,,Public Health,Politics and World News
644,Occupational Health & Safety,,Occupational Health & Safety,Health and Fitness
946,Poisons & Overdoses,,Poisons & Overdoses,Other
195,Reproductive Health,,Reproductive Health,Health and Fitness
198,Birth Control,,Birth Control,Other
647,Infertility,,Infertility,Other
558,OBGYN,,OBGYN,Other
401,Pregnancy & Maternity,,Pregnancy & Maternity,Other
536,Sex Education & Counseling,,Sex Education & Counseling,Science and Education
1236,Sexual Enhancement,,Sexual Enhancement,Other
257,Substance Abuse,,Substance Abuse,Other
1351,Drug & Alcohol Testing,,Drug & Alcohol Testing,Health and Fitness
1350,Drug & Alcohol Treatment,,Drug & Alcohol Treatment,Health and Fitness
1237,Smoking & Smoking Cessation,,Smoking & Smoking Cessation,Crime and Legal
1235,Steroids & Performance-Enhancing Drugs,,Steroids & Performance-Enhancing Drugs,Health and Fitness
246,Vision Care,,Vision Care,Health and Fitness
1224,Eyeglasses & Contacts,,Eyeglasses & Contacts,Other
648,Women's Health,,Women's Health,Health and Fitness
65,Hobbies & Leisure,,Hobbies & Leisure,Lifestyle and Hobbies
64,Antiques & Collectibles,,Antiques & Collectibles,Other
1016,Bowling,,Bowling,Other
189,Clubs & Organizations,,Clubs & Organizations,Lifestyle and Hobbies
1276,"Contests, Awards & Prizes",,"Contests, Awards & Prizes",Other
364,Lottery & Sweepstakes,,Lottery & Sweepstakes,Other
284,Crafts,,Crafts,Lifestyle and Hobbies
1230,Fiber & Textile Arts,,Fiber & Textile Arts,Film and TV
458,Cycling,,Cycling,Sports
688,Outdoors,,Outdoors,Environment and Outdoors
568,Equestrian,,Equestrian,Other
462,Fishing,,Fishing,Other
542,Hiking & Camping,,Hiking & Camping,Other
461,Hunting & Shooting,,Hunting & Shooting,Other
786,Paintball,,Paintball,Other
66,Pets & Animals,,Pets & Animals,Lifestyle and Hobbies
882,Animal Products & Services,,Animal Products & Services,Business and Finance
883,Animal Welfare,,Animal Welfare,Lifestyle and Hobbies
379,Pet Food & Supplies,,Pet Food & Supplies,Business and Finance
380,Veterinarians,,Veterinarians,Other
563,Pets,,Pets,Lifestyle and Hobbies
884,Birds,,Birds,Other
885,Cats,,Cats,Other
886,Dogs,,Dogs,Other
607,Exotic Pets,,Exotic Pets,Lifestyle and Hobbies
887,Fish & Aquaria,,Fish & Aquaria,Other
888,Horses,,Horses,Other
889,Rabbits & Rodents,,Rabbits & Rodents,Other
890,Reptiles & Amphibians,,Reptiles & Amphibians,Other
119,Wildlife,,Wildlife,Other
1278,Insects & Entomology,,Insects & Entomology,Other
1009,Zoos-Aquariums-Preserves,,Zoos-Aquariums-Preserves,Other
787,Radio Control & Modeling,,Radio Control & Modeling,Music
999,Recreational Aviation,,Recreational Aviation,Automotive and Transport
541,Running & Walking,,Running & Walking,Other
977,Special Occasions,,Special Occasions,Other
70,Gifts & Special Event Items,,Gifts & Special Event Items,Lifestyle and Hobbies
100,Cards & Greetings,,Cards & Greetings,Other
323,Flowers,,Flowers,Other
99,Gifts,,Gifts,Lifestyle and Hobbies
324,Party & Holiday Supplies,,Party & Holiday Supplies,Business and Finance
678,Holidays & Seasonal Events,,Holidays & Seasonal Events,Lifestyle and Hobbies
1270,Birthdays & Name Days,,Birthdays & Name Days,Other
1246,Carnival & Mardi Gras,,Carnival & Mardi Gras,Other
1274,Christian Holidays,,Christian Holidays,Lifestyle and Hobbies
1078,Christmas,,Christmas,Other
1123,Easter,,Easter,Other
1079,Halloween & October 31st,,Halloween & October 31st,Other
1275,Islamic Holidays,,Islamic Holidays,Lifestyle and Hobbies
1124,Jewish Holidays,,Jewish Holidays,Lifestyle and Hobbies
1271,New Year,,New Year,Other
1125,Thanksgiving,,Thanksgiving,Other
1122,Valentine's Day,,Valentine's Day,Other
293,Weddings,,Weddings,Other
502,Subcultures & Niche Interests,,Subcultures & Niche Interests,Other
503,Goth Subculture,,Goth Subculture,Other
676,Science Fiction & Fantasy,,Science Fiction & Fantasy,Science and Education
1002,Water Activities,,Water Activities,Environment and Outdoors
459,Boating,,Boating,Other
1305,Diving & Underwater Activities,,Diving & Underwater Activities,Other
689,Surf & Swim,,Surf & Swim,Other
118,Water Sports,,Water Sports,Sports
11,Home & Garden,,Home & Garden,Lifestyle and Hobbies
948,Bed & Bath,,Bed & Bath,Other
1365,Bathroom,,Bathroom,Other
1366,Bedroom,,Bedroom,Other
1369,Bedding & Bed Linens,,Bedding & Bed Linens,Other
1367,Beds & Headboards,,Beds & Headboards,Other
1368,Mattresses,,Mattresses,Other
472,Domestic Services,,Domestic Services,Business and Finance
949,Cleaning Supplies & Services,,Cleaning Supplies & Services,Business and Finance
269,Gardening & Landscaping,,Gardening & Landscaping,Other
271,Home Appliances,,Home Appliances,Lifestyle and Hobbies
1293,Major Kitchen Appliances,,Major Kitchen Appliances,Lifestyle and Hobbies
1292,Small Kitchen Appliances,,Small Kitchen Appliances,Lifestyle and Hobbies
1371,Water Filters & Purifiers,,Water Filters & Purifiers,Environment and Outdoors
270,Home Furnishings,,Home Furnishings,Lifestyle and Hobbies
1363,Clocks,,Clocks,Other
272,Lamps & Lighting,,Lamps & Lighting,Other
1362,Rugs & Carpets,,Rugs & Carpets,Other
1370,Sofas & Chairs,,Sofas & Chairs,Other
158,Home Improvement,,Home Improvement,Lifestyle and Hobbies
950,Construction & Power Tools,,Construction & Power Tools,Industry and Operations
832,Flooring,,Flooring,Other
1232,House Painting & Finishing,,House Painting & Finishing,Lifestyle and Hobbies
1153,Plumbing,,Plumbing,Lifestyle and Hobbies
1175,Roofing,,Roofing,Other
1348,Home Storage & Shelving,,Home Storage & Shelving,Lifestyle and Hobbies
137,Homemaking & Interior Decor,,Homemaking & Interior Decor,Other
951,Kitchen & Dining,,Kitchen & Dining,Lifestyle and Hobbies
120,Cookware & Diningware,,Cookware & Diningware,Other
1373,Cutlery & Cutting Accessories,,Cutlery & Cutting Accessories,Other
1364,Laundry,,Laundry,Other
1372,Nursery & Playroom,,Nursery & Playroom,Other
471,Pest Control,,Pest Control,Other
952,Swimming Pools & Spas,,Swimming Pools & Spas,Sports
953,Yard & Patio,,Yard & Patio,Lifestyle and Hobbies
13,Internet & Telecom,,Internet & Telecom,Technology
385,Communications Equipment,,Communications Equipment,Other
1182,Radio Equipment,,Radio Equipment,Music
394,Email & Messaging,,Email & Messaging,Other
1381,Microblogging,,Microblogging,Other
1379,Text & Instant Messaging,,Text & Instant Messaging,Other
386,Voice & Video Chat,,Voice & Video Chat,Other
382,Mobile & Wireless,,Mobile & Wireless,Technology
1171,Mobile & Wireless Accessories,,Mobile & Wireless Accessories,Technology
1170,Bluetooth Accessories,,Bluetooth Accessories,Other
390,Mobile Phones,,Mobile Phones,Technology
1071,Smart Phones,,Smart Phones,Other
485,Search Engines,,Search Engines,Other
1234,People Search,,People Search,People and Society
383,Service Providers,,Service Providers,Business and Finance
501,Cable & Satellite Providers,,Cable & Satellite Providers,Business and Finance
104,ISPs,,ISPs,Other
384,Phone Service Providers,,Phone Service Providers,Business and Finance
389,Calling Cards,,Calling Cards,Other
392,Teleconferencing,,Teleconferencing,Other
302,Web Services,,Web Services,Technology
326,Affiliate Programs,,Affiliate Programs,Science and Education
422,Web Design & Development,,Web Design & Development,Technology
53,Web Hosting & Domain Registration,,Web Hosting & Domain Registration,Technology
675,Web Stats & Analytics,,Web Stats & Analytics,Technology
958,Jobs & Education,,Jobs & Education,Science and Education
74,Education,,Education,Science and Education
1289,Academic Conferences & Publications,,Academic Conferences & Publications,Other
1015,Alumni & Reunions,,Alumni & Reunions,Other
372,Colleges & Universities,,Colleges & Universities,Other
367,Distance Learning,,Distance Learning,Science and Education
1012,Early Childhood Education,,Early Childhood Education,Science and Education
1266,Foreign Language Study,,Foreign Language Study,Science and Education
791,Homeschooling,,Homeschooling,Other
792,Legal Education,,Legal Education,Science and Education
371,Primary & Secondary Schooling (K-12),,Primary & Secondary Schooling (K-12),Other
1118,Special Education,,Special Education,Science and Education
373,Standardized & Admissions Tests,,Standardized & Admissions Tests,Lifestyle and Hobbies
1308,Study Abroad,,Study Abroad,Science and Education
700,Teaching & Classroom Resources,,Teaching & Classroom Resources,Other
1388,Training & Certification,,Training & Certification,Sports
369,Vocational & Continuing Education,,Vocational & Continuing Education,Science and Education
1229,Computer Education,,Computer Education,Technology
60,Jobs,,Jobs,Other
959,Career Resources & Planning,,Career Resources & Planning,Business and Finance
960,Job Listings,,Job Listings,Other
961,Resumes & Portfolios,,Resumes & Portfolios,Other
19,Law & Government,,Law & Government,Politics and World News
76,Government,,Government,Politics and World News
1075,Courts & Judiciary,,Courts & Judiciary,Other
962,Embassies & Consulates,,Embassies & Consulates,Other
963,Executive Branch,,Executive Branch,Other
1387,Government Agencies,,Government Agencies,Politics and World News
1385,Government Contracting & Procurement,,Government Contracting & Procurement,Politics and World News
1221,Intelligence & Counterterrorism,,Intelligence & Counterterrorism,Other
964,Legislative Branch,,Legislative Branch,Other
1386,Lobbying,,Lobbying,Other
965,Multilateral Organizations,,Multilateral Organizations,Other
1161,Public Finance,,Public Finance,Business and Finance
1316,Public Policy,,Public Policy,Politics and World News
1314,Drug Laws & Policy,,Drug Laws & Policy,Politics and World News
1313,Immigration Policy & Border Issues,,Immigration Policy & Border Issues,Politics and World News
521,International Relations,,International Relations,Politics and World News
702,Royalty,,Royalty,Other
966,State & Local Government,,State & Local Government,Politics and World News
555,Visa & Immigration,,Visa & Immigration,Other
75,Legal,,Legal,Crime and Legal
427,Accident & Personal Injury Law,,Accident & Personal Injury Law,Health and Fitness
423,Bankruptcy,,Bankruptcy,Other
1272,Business & Corporate Law,,Business & Corporate Law,Business and Finance
967,Constitutional Law & Civil Rights,,Constitutional Law & Civil Rights,Politics and World News
424,Criminal Law,,Criminal Law,Other
522,Family Law,,Family Law,Lifestyle and Hobbies
426,Intellectual Property,,Intellectual Property,Business and Finance
701,Labor & Employment Law,,Labor & Employment Law,People and Society
969,Legal Services,,Legal Services,Business and Finance
970,Product Liability,,Product Liability,Other
366,Military,,Military,Politics and World News
1247,Air Force,,Air Force,Other
1248,Army,,Army,Other
1250,Marines,,Marines,Other
1288,Military History,,Military History,Politics and World News
1249,Navy,,Navy,Other
793,Veterans,,Veterans,Other
166,Public Safety,,Public Safety,Politics and World News
704,Crime & Justice,,Crime & Justice,Crime and Legal
1181,Corporate & Financial Crime,,Corporate & Financial Crime,Crime and Legal
1312,Gangs & Organized Crime,,Gangs & Organized Crime,Crime and Legal
1284,Prisons & Corrections,,Prisons & Corrections,Other
168,Emergency Services,,Emergency Services,Business and Finance
535,Law Enforcement,,Law Enforcement,Other
705,Security Products & Services,,Security Products & Services,Technology
508,Social Services,,Social Services,Business and Finance
511,Counseling Services,,Counseling Services,Business and Finance
706,Welfare & Unemployment,,Welfare & Unemployment,Other
16,News,,News,Other
112,Broadcast & Network News,,Broadcast & Network News,Other
507,Gossip & Tabloid News,,Gossip & Tabloid News,Other
1259,Scandals & Investigations,,Scandals & Investigations,Other
572,Local News,,Local News,Other
408,Newspapers,,Newspapers,Other
396,Politics,,Politics,Politics and World News
398,Campaigns & Elections,,Campaigns & Elections,Politics and World News
410,Left-Wing Politics,,Left-Wing Politics,Politics and World News
1203,Media Critics & Watchdogs,,Media Critics & Watchdogs,Other
1201,Opinion & Commentary,,Opinion & Commentary,Other
1202,Political Polls & Surveys,,Political Polls & Surveys,Lifestyle and Hobbies
409,Right-Wing Politics,,Right-Wing Politics,Politics and World News
1077,Sports News,,Sports News,Sports
63,Weather,,Weather,Environment and Outdoors
1209,World News,,World News,Politics and World News
299,Online Communities,,Online Communities,Technology
504,Blogging Resources & Services,,Blogging Resources & Services,Business and Finance
55,Dating & Personals,,Dating & Personals,People and Society
546,Matrimonial Services,,Matrimonial Services,Business and Finance
102,Personals,,Personals,People and Society
321,File Sharing & Hosting,,File Sharing & Hosting,Technology
191,Forum & Chat Providers,,Forum & Chat Providers,Business and Finance
43,Online Goodies,,Online Goodies,Technology
1223,Clip Art & Animated GIFs,,Clip Art & Animated GIFs,Film and TV
578,Skins Themes & Wallpapers,,Skins Themes & Wallpapers,Lifestyle and Hobbies
847,Social Network Apps & Add-Ons,,Social Network Apps & Add-Ons,Technology
582,Online Journals & Personal Sites,,Online Journals & Personal Sites,Technology
275,Photo & Video Sharing,,Photo & Video Sharing,Technology
529,Social Networks,,Social Networks,Other
972,Virtual Worlds,,Virtual Worlds,Other
14,People & Society,,People & Society,People and Society
677,Disabled & Special Needs,,Disabled & Special Needs,People and Society
56,Ethnic & Identity Groups,,Ethnic & Identity Groups,People and Society
579,Africans & Diaspora,,Africans & Diaspora,Politics and World News
547,African-Americans,,African-Americans,People and Society
556,Arabs & Middle Easterners,,Arabs & Middle Easterners,People and Society
1257,Asians & Diaspora,,Asians & Diaspora,Politics and World News
549,East Asians & Diaspora,,East Asians & Diaspora,Politics and World News
528,South Asians & Diaspora,,South Asians & Diaspora,Politics and World News
580,Southeast Asians & Pacific Islanders,,Southeast Asians & Pacific Islanders,People and Society
1205,Discrimination & Identity Relations,,Discrimination & Identity Relations,People and Society
682,Eastern Europeans,,Eastern Europeans,People and Society
973,Expatriate Communities,,Expatriate Communities,People and Society
113,Gay-Lesbian-Bisexual-Transgender,,Gay-Lesbian-Bisexual-Transgender,People and Society
681,Indigenous Peoples,,Indigenous Peoples,People and Society
171,Native Americans,,Native Americans,People and Society
550,Jewish Culture,,Jewish Culture,People and Society
548,Latinos & Latin-Americans,,Latinos & Latin-Americans,People and Society
683,Western Europeans,,Western Europeans,Film and TV
1131,Family & Relationships,,Family & Relationships,People and Society
1304,Etiquette,,Etiquette,People and Society
1132,Family,,Family,Lifestyle and Hobbies
400,Ancestry & Genealogy,,Ancestry & Genealogy,People and Society
1231,Baby & Pet Names,,Baby & Pet Names,Lifestyle and Hobbies
58,Parenting,,Parenting,People and Society
974,Adoption,,Adoption,People and Society
1374,Babies & Toddlers,,Babies & Toddlers,Other
115,Baby Care & Hygiene,,Baby Care & Hygiene,Health and Fitness
403,Child Care,,Child Care,Health and Fitness
402,Youth Camps,,Youth Camps,People and Society
1134,Friendship,,Friendship,People and Society
1133,Marriage,,Marriage,Lifestyle and Hobbies
1261,Divorce & Separation,,Divorce & Separation,People and Society
1135,Romance,,Romance,Film and TV
1260,Troubled Relationships,,Troubled Relationships,People and Society
154,Kids & Teens,,Kids & Teens,People and Society
679,Children's Interests,,Children's Interests,Lifestyle and Hobbies
680,Teen Interests,,Teen Interests,People and Society
59,Religion & Belief,,Religion & Belief,People and Society
448,Astrology & Divination,,Astrology & Divination,People and Society
862,Buddhism,,Buddhism,People and Society
864,Christianity,,Christianity,People and Society
866,Hinduism,,Hinduism,People and Society
868,Islam,,Islam,People and Society
869,Judaism,,Judaism,People and Society
1258,Pagan & Esoteric Traditions,,Pagan & Esoteric Traditions,People and Society
1296,Places of Worship,,Places of Worship,People and Society
1251,Scientology,,Scientology,People and Society
870,Self-Help & Motivational,,Self-Help & Motivational,Other
975,Skeptics & Non-Believers,,Skeptics & Non-Believers,Other
101,Spirituality,,Spirituality,Other
1340,Theology & Religious Study,,Theology & Religious Study,Science and Education
298,Seniors & Retirement,,Seniors & Retirement,Business and Finance
54,Social Issues & Advocacy,,Social Issues & Advocacy,Politics and World News
57,Charity & Philanthropy,,Charity & Philanthropy,Other
82,Environmental Issues,,Environmental Issues,Other
1255,Climate Change & Global Warming,,Climate Change & Global Warming,Politics and World News
1166,Housing & Development,,Housing & Development,Other
1280,Human Rights & Liberties,,Human Rights & Liberties,Politics and World News
1127,Poverty & Hunger,,Poverty & Hunger,People and Society
1281,Privacy Issues,,Privacy Issues,People and Society
976,Reproductive Rights,,Reproductive Rights,Politics and World News
1301,Same-Sex Marriage,,Same-Sex Marriage,Lifestyle and Hobbies
703,Work & Labor Issues,,Work & Labor Issues,People and Society
1121,Unions & Labor Movement,,Unions & Labor Movement,People and Society
509,Social Sciences,,Social Sciences,Science and Education
1302,Communications & Media Studies,,Communications & Media Studies,Science and Education
1303,Public Speaking,,Public Speaking,Politics and World News
510,Demographics,,Demographics,Other
520,Economics,,Economics,Other
543,Psychology,,Psychology,Other
29,Real Estate,,Real Estate,Business and Finance
378,Apartments & Residential Rentals,,Apartments & Residential Rentals,Lifestyle and Hobbies
1178,Commercial & Investment Real Estate,,Commercial & Investment Real Estate,Business and Finance
687,Property Development,,Property Development,Business and Finance
463,Property Inspections & Appraisals,,Property Inspections & Appraisals,Business and Finance
425,Property Management,,Property Management,Business and Finance
96,Real Estate Agencies,,Real Estate Agencies,Business and Finance
1080,Real Estate Listings,,Real Estate Listings,Business and Finance
1081,Timeshares & Vacation Properties,,Timeshares & Vacation Properties,Lifestyle and Hobbies
533,Reference,,Reference,Science and Education
527,Directories & Listings,,Directories & Listings,Other
377,Business & Personal Listings,,Business & Personal Listings,Business and Finance
980,General Reference,,General Reference,Science and Education
691,Calculators & Reference Tools,,Calculators & Reference Tools,Science and Education
692,Dictionaries & Encyclopedias,,Dictionaries & Encyclopedias,Other
374,Educational Resources,,Educational Resources,Other
693,Forms Guides & Templates,,Forms Guides & Templates,Science and Education
1137,Legal Forms,,Legal Forms,Crime and Legal
694,"How-To, DIY & Expert Content",,"How-To, DIY & Expert Content",Other
1136,Public Records,,Public Records,Politics and World News
695,Time & Calendars,,Time & Calendars,Other
1084,Geographic Reference,,Geographic Reference,Science and Education
1014,City & Local Guides,,City & Local Guides,Science and Education
268,Maps,,Maps,Other
685,Traffic & Public Transit,,Traffic & Public Transit,Politics and World News
474,Humanities,,Humanities,Other
433,History,,History,Other
609,Myth & Folklore,,Myth & Folklore,Other
1093,Philosophy,,Philosophy,Other
108,Language Resources,,Language Resources,Other
1264,Foreign Language Resources,,Foreign Language Resources,Other
1265,Translation Tools & Resources,,Translation Tools & Resources,Other
375,Libraries & Museums,,Libraries & Museums,Other
1233,Technical Reference,,Technical Reference,Science and Education
174,Science,,Science,Science and Education
435,Astronomy,,Astronomy,Other
440,Biological Sciences,,Biological Sciences,Science and Education
788,Anatomy,,Anatomy,Other
981,Flora & Fauna,,Flora & Fauna,Other
982,Genetics,,Genetics,Other
1226,Neuroscience,,Neuroscience,Other
505,Chemistry,,Chemistry,Other
1227,Computer Science,,Computer Science,Technology
1299,Machine Learning & Artificial Intelligence,,Machine Learning & Artificial Intelligence,Technology
1168,Earth Sciences,,Earth Sciences,Science and Education
1254,Atmospheric Science,,Atmospheric Science,Science and Education
443,Geology,,Geology,Other
1169,Paleontology,,Paleontology,Other
441,Water & Marine Sciences,,Water & Marine Sciences,Science and Education
442,Ecology & Environment,,Ecology & Environment,Environment and Outdoors
231,Engineering & Technology,,Engineering & Technology,Technology
1141,Robotics,,Robotics,Other
436,Mathematics,,Mathematics,Other
1252,Statistics,,Statistics,Other
444,Physics,,Physics,Other
445,Scientific Equipment,,Scientific Equipment,Science and Education
446,Scientific Institutions,,Scientific Institutions,Science and Education
18,Shopping,,Shopping,Business and Finance
68,Apparel,,Apparel,Lifestyle and Hobbies
1228,Apparel Services,,Apparel Services,Business and Finance
983,Athletic Apparel,,Athletic Apparel,Lifestyle and Hobbies
984,Casual Apparel,,Casual Apparel,Lifestyle and Hobbies
428,T-Shirts,,T-Shirts,Other
985,Children's Clothing,,Children's Clothing,Lifestyle and Hobbies
124,Clothing Accessories,,Clothing Accessories,Lifestyle and Hobbies
350,Gems & Jewelry,,Gems & Jewelry,Other
986,Handbags & Purses,,Handbags & Purses,Other
987,Watches,,Watches,Other
988,Costumes,,Costumes,Other
989,Eyewear,,Eyewear,Other
697,Footwear,,Footwear,Other
990,Formal Wear,,Formal Wear,Other
991,Headwear,,Headwear,Other
992,Men's Clothing,,Men's Clothing,Lifestyle and Hobbies
993,Outerwear,,Outerwear,Other
994,Sleepwear,,Sleepwear,Other
995,Swimwear,,Swimwear,Other
530,Undergarments,,Undergarments,Other
996,Uniforms & Workwear,,Uniforms & Workwear,Other
997,Women's Clothing,,Women's Clothing,Lifestyle and Hobbies
292,Auctions,,Auctions,Other
61,Classifieds,,Classifieds,Other
69,Consumer Resources,,Consumer Resources,Other
97,Consumer Advocacy & Protection,,Consumer Advocacy & Protection,Politics and World News
365,Coupons & Discount Offers,,Coupons & Discount Offers,Other
450,Customer Services,,Customer Services,Business and Finance
451,Warranties & Service Contracts,,Warranties & Service Contracts,Business and Finance
353,Product Reviews & Price Comparisons,,Product Reviews & Price Comparisons,Other
352,Price Comparisons,,Price Comparisons,Other
1143,Entertainment Media,,Entertainment Media,Film and TV
1144,Entertainment Media Rentals,,Entertainment Media Rentals,Film and TV
696,Luxury Goods,,Luxury Goods,Business and Finance
73,Mass Merchants & Department Stores,,Mass Merchants & Department Stores,Other
531,Shopping Portals & Search Engines,,Shopping Portals & Search Engines,Business and Finance
263,Sporting Goods,,Sporting Goods,Business and Finance
1083,Sports Memorabilia,,Sports Memorabilia,Sports
1210,Swap Meets & Outdoor Markets,,Swap Meets & Outdoor Markets,Business and Finance
123,Tobacco Products,,Tobacco Products,Business and Finance
432,Toys,,Toys,Other
1225,Wholesalers & Liquidators,,Wholesalers & Liquidators,Other
20,Sports,,Sports,Sports
1073,College Sports,,College Sports,Sports
514,Combat Sports,,Combat Sports,Sports
515,Boxing,,Boxing,Other
516,Martial Arts,,Martial Arts,Film and TV
512,Wrestling,,Wrestling,Other
554,Extreme Sports,,Extreme Sports,Sports
1206,Drag & Street Racing,,Drag & Street Racing,Other
1207,Stunts & Dangerous Feats,,Stunts & Dangerous Feats,Other
998,Fantasy Sports,,Fantasy Sports,Sports
1000,Individual Sports,,Individual Sports,Sports
261,Golf,,Golf,Sports
519,Gymnastics,,Gymnastics,Other
262,Racquet Sports,,Racquet Sports,Sports
1376,Tennis,,Tennis,Sports
1126,Skate Sports,,Skate Sports,Sports
518,Track & Field,,Track & Field,Other
180,Motor Sports,,Motor Sports,Sports
1082,Sports Coaching & Training,,Sports Coaching & Training,Sports
1001,Team Sports,,Team Sports,Sports
258,American Football,,American Football,Sports
259,Baseball,,Baseball,Sports
264,Basketball,,Basketball,Sports
534,Cheerleading,,Cheerleading,Other
296,Cricket,,Cricket,Other
1017,Handball,,Handball,Other
260,Hockey,,Hockey,Sports
517,Rugby,,Rugby,Other
294,Soccer,,Soccer,Sports
699,Volleyball,,Volleyball,Other
265,Winter Sports,,Winter Sports,Sports
1149,Ice Skating,,Ice Skating,Sports
1148,Skiing & Snowboarding,,Skiing & Snowboarding,Other
1198,World Sports Competitions,,World Sports Competitions,Sports
513,Olympics,,Olympics,Sports
67,Travel,,Travel,Lifestyle and Hobbies
203,Air Travel,,Air Travel,Lifestyle and Hobbies
708,Bus & Rail,,Bus & Rail,Automotive and Transport
205,Car Rental & Taxi Services,,Car Rental & Taxi Services,Automotive and Transport
1339,Carpooling & Ridesharing,,Carpooling & Ridesharing,Other
206,Cruises & Charters,,Cruises & Charters,Other
179,Hotels & Accommodations,,Hotels & Accommodations,Other
1003,Luggage & Travel Accessories,,Luggage & Travel Accessories,Lifestyle and Hobbies
1004,Specialty Travel,,Specialty Travel,Lifestyle and Hobbies
707,Adventure Travel,,Adventure Travel,Film and TV
1389,Agritourism,,Agritourism,Other
1005,Ecotourism,,Ecotourism,Other
1390,Sightseeing Tours,,Sightseeing Tours,Other
1391,Vineyards & Wine Tourism,,Vineyards & Wine Tourism,Lifestyle and Hobbies
208,Tourist Destinations,,Tourist Destinations,Lifestyle and Hobbies
1074,Beaches & Islands,,Beaches & Islands,Other
1006,Historical Sites & Buildings,,Historical Sites & Buildings,Other
1120,Lakes & Rivers,,Lakes & Rivers,Other
1119,Mountain & Ski Resorts,,Mountain & Ski Resorts,Other
1007,Regional Parks & Gardens,,Regional Parks & Gardens,Environment and Outdoors
1008,Theme Parks,,Theme Parks,Environment and Outdoors
1010,Travel Agencies & Services,,Travel Agencies & Services,Business and Finance
1392,Tourist Boards & Visitor Centers,,Tourist Boards & Visitor Centers,Lifestyle and Hobbies
1019,Vacation Offers,,Vacation Offers,Lifestyle and Hobbies
1011,Travel Guides & Travelogues,,Travel Guides & Travelogues,Science and Education
