week,matched_bucket,yt_videos,yt_avg_views,yt_avg_likes,yt_total_comments,yt_avg_engagement,views_per_video
2026-02-09/2026-02-15,Automotive and Transport,41,188184.46341463414,1218.341463414634,1055,0.009388016939796743,188184.46341463414
2026-02-09/2026-02-15,Business and Finance,17,154651.9411764706,3382.529411764706,2192,0.03189164168167075,154651.9411764706
2026-02-09/2026-02-15,Crime and Legal,4,277171.0,3897.5,187,0.00884438630530425,277171.0
2026-02-09/2026-02-15,Environment and Outdoors,3,4972924.0,22626.333333333332,50,0.0039412431873189,4972924.0
2026-02-09/2026-02-15,Film and TV,357,1327666.1960784313,6637.313725490196,73925,0.016298335057597195,1327666.1960784313
2026-02-09/2026-02-15,Gaming,244,152204.97540983607,2590.1762295081967,20274,inf,152204.97540983607
2026-02-09/2026-02-15,Health and Fitness,35,302457.1142857143,2222.5714285714284,2215,0.03658034330067257,302457.1142857143
2026-02-09/2026-02-15,Industry and Operations,3,51453.0,617.3333333333334,108,0.030730333616054335,51453.0
2026-02-09/2026-02-15,Lifestyle and Hobbies,98,494072.3469387755,2731.3469387755104,3439,0.014910460708397633,494072.3469387755
2026-02-09/2026-02-15,Music,374,104217.4679144385,2067.6898395721923,44441,0.026458172821837437,104217.4679144385
2026-02-09/2026-02-15,Other,326,214011.42024539877,2464.365030674847,31262,0.02242799848349581,214011.42024539877
2026-02-09/2026-02-15,People and Society,15,73800.8,775.4666666666667,231,0.026300790691391455,73800.8
2026-02-09/2026-02-15,Politics and World News,1,122838.0,3606.0,44,0.0297139321708266,122838.0
2026-02-09/2026-02-15,Science and Education,83,57623.819277108436,630.3493975903615,5317,0.03232253227216806,57623.819277108436
2026-02-09/2026-02-15,Sports,27,109968.37037037036,3563.5925925925926,4141,0.02226487788732956,109968.37037037036
2026-02-09/2026-02-15,Technology,29,207851.24137931035,3878.5862068965516,5347,0.6746090930973614,207851.24137931035
2026-02-16/2026-02-22,Automotive and Transport,93,5263931.677419355,51724.49462365591,99760,0.014646717375884974,5263931.677419355
2026-02-16/2026-02-22,Books and Publishing,3,2415671.0,90382.0,558,0.021129774891742403,2415671.0
2026-02-16/2026-02-22,Business and Finance,28,3044441.964285714,76761.0,24306,0.03363039173165435,3044441.964285714
2026-02-16/2026-02-22,Crime and Legal,5,5541356.4,195963.8,61863,0.026101371336678815,5541356.4
2026-02-16/2026-02-22,Environment and Outdoors,11,8908444.181818182,67215.72727272728,11394,0.012438964834074183,8908444.181818182
2026-02-16/2026-02-22,Film and TV,408,2477721.7720588236,39592.08823529412,221736,inf,2477721.7720588236
2026-02-16/2026-02-22,Gaming,211,370277.04265402845,6719.649289099526,42531,0.022875416506112578,370277.04265402845
2026-02-16/2026-02-22,Health and Fitness,48,2534831.0208333335,58085.666666666664,25462,0.026279330191976914,2534831.0208333335
2026-02-16/2026-02-22,Industry and Operations,4,2908204.25,22696.5,2666,0.026967124735531853,2908204.25
2026-02-16/2026-02-22,Lifestyle and Hobbies,154,2629181.3571428573,38447.57142857143,85130,0.014988051953757285,2629181.3571428573
2026-02-16/2026-02-22,Music,458,2039048.1615720524,32954.41484716157,907600,0.02585201053873297,2039048.1615720524
2026-02-16/2026-02-22,Other,629,4622436.346581876,67400.15103338633,417689,0.018682117469422617,4622436.346581876
2026-02-16/2026-02-22,People and Society,31,1339132.0322580645,27411.25806451613,9845,0.02228148094062411,1339132.0322580645
2026-02-16/2026-02-22,Politics and World News,4,1980653.0,38839.25,755,0.0167526514623919,1980653.0
2026-02-16/2026-02-22,Science and Education,67,227105.20895522388,3475.208955223881,8155,0.02178236282656867,227105.20895522388
2026-02-16/2026-02-22,Sports,57,4103555.210526316,58290.12280701754,46702,0.021659802090501133,4103555.210526316
2026-02-16/2026-02-22,Technology,33,3036214.878787879,46301.969696969696,15343,0.03614950688663657,3036214.878787879
2026-02-23/2026-03-01,Automotive and Transport,45,984117.2,9941.2,2479,0.014948644631791444,984117.2
2026-02-23/2026-03-01,Books and Publishing,1,896176.0,0.0,418,0.0004664262377033,896176.0
2026-02-23/2026-03-01,Business and Finance,9,7064.666666666667,40.888888888888886,9,0.013217494659205867,7064.666666666667
2026-02-23/2026-03-01,Environment and Outdoors,3,8023856.0,95611.0,449,0.011446216653626702,8023856.0
2026-02-23/2026-03-01,Film and TV,469,409469.95735607675,6760.886993603412,67749,0.015559384169384372,409469.95735607675
2026-02-23/2026-03-01,Gaming,340,116261.46470588235,2090.8382352941176,34502,0.020179534812668164,116261.46470588235
2026-02-23/2026-03-01,Health and Fitness,16,751523.0625,27332.0,6310,0.0326646638718928,751523.0625
2026-02-23/2026-03-01,Industry and Operations,3,32825.0,26.333333333333332,2,0.011816334903413531,32825.0
2026-02-23/2026-03-01,Lifestyle and Hobbies,153,270531.8888888889,3370.2875816993464,11147,inf,270531.8888888889
2026-02-23/2026-03-01,Music,565,252325.68672566372,6260.966371681416,121350,0.02696300943164047,252325.68672566372
2026-02-23/2026-03-01,Other,347,800053.9538904899,11265.391930835734,98868,0.024387709757904278,800053.9538904899
2026-02-23/2026-03-01,People and Society,36,1927336.25,18932.75,6056,0.017901927031255302,1927336.25
2026-02-23/2026-03-01,Politics and World News,14,1082891.142857143,19497.14285714286,7956,0.009707000203921215,1082891.142857143
2026-02-23/2026-03-01,Science and Education,165,65001.7696969697,725.4909090909091,2588,0.019034955896811118,65001.7696969697
2026-02-23/2026-03-01,Sports,30,470661.26666666666,8158.966666666666,4306,0.024501590668287457,470661.26666666666
2026-02-23/2026-03-01,Technology,11,1432054.4545454546,16660.0,7146,0.02360346650172255,1432054.4545454546
2026-03-02/2026-03-08,Automotive and Transport,63,173916.31746031746,1248.4126984126983,661,0.013284015857514046,173916.31746031746
2026-03-02/2026-03-08,Business and Finance,6,16636.333333333332,881.5,801,0.04663627750190155,16636.333333333332
2026-03-02/2026-03-08,Crime and Legal,1,420.0,18.0,0,0.0428571428571428,420.0
2026-03-02/2026-03-08,Environment and Outdoors,4,87538.5,4251.0,279,0.01616482438820571,87538.5
2026-03-02/2026-03-08,Film and TV,527,82992.0815939279,1097.9184060721063,7630,0.013178376263934982,82992.0815939279
2026-03-02/2026-03-08,Gaming,425,71776.25882352941,1098.7741176470588,9625,0.01781876775667286,71776.25882352941
2026-03-02/2026-03-08,Health and Fitness,23,18473.521739130436,371.04347826086956,865,0.022842650065654425,18473.521739130436
2026-03-02/2026-03-08,Lifestyle and Hobbies,150,19772.04,523.7466666666667,3375,0.018683395867511082,19772.04
2026-03-02/2026-03-08,Music,644,86362.87422360248,1587.973602484472,41032,0.023058641815447735,86362.87422360248
2026-03-02/2026-03-08,Other,331,112359.40483383686,893.2870090634441,5612,inf,112359.40483383686
2026-03-02/2026-03-08,People and Society,40,92519.775,1094.5,237,0.028062551973520512,92519.775
2026-03-02/2026-03-08,Politics and World News,10,108209.3,853.7,132,0.00822762574205459,108209.3
2026-03-02/2026-03-08,Science and Education,236,40547.49152542373,482.9279661016949,2223,0.018573571278084934,40547.49152542373
2026-03-02/2026-03-08,Sports,45,112829.33333333333,1176.1777777777777,1176,0.021003733652339034,112829.33333333333
2026-03-02/2026-03-08,Technology,9,11569.333333333334,360.6666666666667,163,0.0528195547950557,11569.333333333334
2026-03-09/2026-03-15,Automotive and Transport,25,33441.0,240.2,123,0.004400051073290268,33441.0
2026-03-09/2026-03-15,Environment and Outdoors,2,4817.0,42.0,1,0.01429219507165685,4817.0
2026-03-09/2026-03-15,Film and TV,217,34177.73271889401,841.8202764976959,2527,0.015508648619443966,34177.73271889401
2026-03-09/2026-03-15,Gaming,191,60748.84816753927,697.1937172774869,2527,0.02616381149254834,60748.84816753927
2026-03-09/2026-03-15,Health and Fitness,10,2506.2,9.8,6,0.006957380368253841,2506.2
2026-03-09/2026-03-15,Lifestyle and Hobbies,87,4907.425287356322,79.57471264367815,215,0.02553377331188173,4907.425287356322
2026-03-09/2026-03-15,Music,358,26141.938547486032,578.5949720670391,7309,inf,26141.938547486032
2026-03-09/2026-03-15,Other,135,38446.503703703704,734.4962962962964,1089,0.022198749698262382,38446.503703703704
2026-03-09/2026-03-15,People and Society,16,41784.125,556.625,61,0.02650188226059823,41784.125
2026-03-09/2026-03-15,Politics and World News,1,6343.0,0.0,0,0.0,6343.0
2026-03-09/2026-03-15,Science and Education,82,7825.304878048781,119.1951219512195,892,0.017911407676623088,7825.304878048781
2026-03-09/2026-03-15,Sports,19,38289.36842105263,640.3157894736842,108,0.011984380486739478,38289.36842105263
2026-03-09/2026-03-15,Technology,10,8552.3,194.1,44,0.029412722012252153,8552.3
